Switching to IMU channel 1,,,,,,,,,,
20:08.3,1,0.078,0.902,9.611,-5.009,5.774,-7.513,-0.366,-0.231,-0.034
20:08.4,1,0.078,0.745,9.375,-5.774,6.122,-6.817,-0.366,-0.231,-0.034
Switching to IMU channel 0,,,,,,,,,,
20:08.5,0,0.078,3.138,9.454,0.209,-15.513,-2.713,-0.266,-0.336,0.158
20:08.5,0,0.039,3.02,9.493,-2.365,-17.183,-0.557,-0.266,-0.336,0.158
Switching to IMU channel 1,,,,,,,,,,
20:08.6,1,-0.039,0.785,9.767,-8,3.409,-13.913,-0.366,-0.231,-0.034
20:08.7,1,0.039,0.745,9.493,-7.722,3.13,-8.348,-0.366,-0.231,-0.034
Switching to IMU channel 0,,,,,,,,,,
20:08.8,0,0.078,2.981,9.454,0.904,-11.13,-3.339,-0.266,-0.336,0.158
20:08.9,0,0.039,2.942,9.336,1.67,-15.443,-5.357,-0.266,-0.336,0.158
Switching to IMU channel 1,,,,,,,,,,
20:09.0,1,0.039,0.785,9.414,-8,2.991,-8.417,-0.366,-0.231,-0.034
20:09.1,1,0.078,0.785,9.493,-4.313,10.922,-4.8,-0.366,-0.231,-0.034
Switching to IMU channel 0,,,,,,,,,,
20:09.2,0,0,3.06,9.493,-0.765,-22.191,-0.626,-0.266,-0.336,0.158
20:09.3,0,0.118,3.099,9.336,-1.739,-12.383,-1.948,-0.266,-0.336,0.158
Switching to IMU channel 1,,,,,,,,,,
20:09.4,1,0,0.981,9.375,-4.8,11.2,-8.974,-0.366,-0.231,-0.034
20:09.5,1,-0.039,0.745,9.571,-6.678,3.061,-6.33,-0.366,-0.231,-0.034
Switching to IMU channel 0,,,,,,,,,,
20:09.6,0,0.078,2.981,9.297,-1.6,-17.67,-1.461,-0.266,-0.336,0.158
20:09.7,0,0.118,3.02,9.454,-1.461,-14.4,-0.835,-0.266,-0.336,0.158
Switching to IMU channel 1,,,,,,,,,,
20:09.8,1,0,0.785,9.414,-5.148,13.217,-8.765,-0.366,-0.231,-0.034
20:09.9,1,-0.039,0.745,9.65,-4.661,-5.287,-7.026,-0.366,-0.231,-0.034
Switching to IMU channel 0,,,,,,,,,,
20:10.0,0,0.118,3.02,9.414,-1.322,-20.8,-1.183,-0.266,-0.336,0.158
20:10.1,0,0.039,2.981,9.297,1.809,-5.565,-3.826,-0.266,-0.336,0.158
Switching to IMU channel 1,,,,,,,,,,
20:10.2,1,-0.078,0.706,9.532,-4.452,5.913,-9.461,-0.366,-0.231,-0.034
20:10.3,1,0,0.785,9.689,-5.704,1.113,-6.47,-0.366,-0.231,-0.034
Switching to IMU channel 0,,,,,,,,,,
20:10.4,0,0,3.138,9.493,0.139,-14.052,-2.087,-0.266,-0.336,0.158
20:10.5,0,0.039,3.06,9.493,-2.852,-17.6,-4.383,-0.266,-0.336,0.158
Switching to IMU channel 1,,,,,,,,,,
20:10.6,1,0.039,0.824,9.571,-32.417,-28.104,-23.235,-0.366,-0.231,-0.034
20:10.7,1,0.157,0.745,9.728,1.739,39.235,-0.765,-0.366,-0.231,-0.034
Switching to IMU channel 0,,,,,,,,,,
20:10.8,0,-0.078,2.981,9.571,11.896,17.739,-19.061,-0.266,-0.336,0.158
20:10.9,0,0.039,3.02,9.375,-2.157,-22.47,2.017,-0.266,-0.336,0.158
Switching to IMU channel 1,,,,,,,,,,
20:11.0,1,0,0.745,9.689,-9.252,-4.939,12.591,-0.366,-0.231,-0.034
20:11.1,1,0.078,0.824,9.336,12.313,-2.574,29.774,-0.366,-0.231,-0.034
Switching to IMU channel 0,,,,,,,,,,
20:11.2,0,-0.314,2.981,9.257,4.661,-20.243,-12.661,-0.266,-0.336,0.158
20:11.3,0,-0.196,3.02,9.414,-7.583,-36.661,3.548,-0.266,-0.336,0.158
Switching to IMU channel 1,,,,,,,,,,
20:11.4,1,0.314,0.902,9.728,-4.939,5.217,-10.017,-0.366,-0.231,-0.034
20:11.5,1,0.275,0.785,9.611,-4.73,12.243,1.739,-0.366,-0.231,-0.034
Switching to IMU channel 0,,,,,,,,,,
20:11.6,0,-0.275,3.06,9.375,-0.904,-17.043,0.278,-0.266,-0.336,0.158
20:11.7,0,-0.314,3.06,9.493,7.096,-2.643,-5.983,-0.266,-0.336,0.158
Switching to IMU channel 1,,,,,,,,,,
20:11.8,1,0.078,0.785,9.689,4.243,1.67,-0.557,-0.366,-0.231,-0.034
20:11.9,1,0.628,0.824,9.728,27.13,-64.417,82.435,-0.366,-0.231,-0.034
Switching to IMU channel 0,,,,,,,,,,
20:12.0,0,-0.431,2.942,9.65,-28.313,74.574,-23.513,-0.266,-0.336,0.158
20:12.1,0,-0.863,2.903,9.14,-33.809,23.304,-17.739,-0.266,-0.336,0.158
Switching to IMU channel 1,,,,,,,,,,
20:12.2,1,0.471,1.138,9.414,35.478,-57.113,33.391,-0.366,-0.231,-0.034
20:12.3,1,0.549,1.334,9.414,-0.209,-27.13,-8.417,-0.366,-0.231,-0.034
Switching to IMU channel 0,,,,,,,,,,
20:12.4,0,-0.431,2.942,9.924,-149.357,-156.661,20.87,-0.266,-0.336,0.158
20:12.5,0,-0.078,2.275,9.689,-197.635,-279.096,89.322,-0.266,-0.336,0.158
Switching to IMU channel 1,,,,,,,,,,
20:12.6,1,2.746,3.609,8.826,67.13,-148.939,395.409,-0.366,-0.231,-0.034
20:12.7,1,1.412,2.001,8.826,106.017,-63.722,190.678,-0.366,-0.231,-0.034
Switching to IMU channel 0,,,,,,,,,,
20:12.8,0,0.275,1.922,10.12,-52.522,-53.565,11.896,-0.266,-0.336,0.158
20:12.9,0,0.628,1.687,10.709,-152.835,-28.661,30.191,-0.266,-0.336,0.158
Switching to IMU channel 1,,,,,,,,,,
20:13.0,1,2.432,2.589,9.022,139.339,-126.4,-8.278,-0.366,-0.231,-0.034
20:13.1,1,2.432,2.903,8.512,66.922,-42.365,-5.774,-0.366,-0.231,-0.034
Switching to IMU channel 0,,,,,,,,,,
20:13.2,0,0.745,2.118,10.944,37.357,-279.165,105.739,-0.266,-0.336,0.158
20:13.3,0,1.412,1.726,9.885,-146.643,-178.991,122.296,-0.266,-0.336,0.158
Switching to IMU channel 1,,,,,,,,,,
20:13.4,1,2.55,3.256,8.394,-30.609,-255.791,-38.47,-0.366,-0.231,-0.034
20:13.5,1,3.217,3.883,8.512,95.583,-89.183,-59.687,-0.366,-0.231,-0.034
Switching to IMU channel 0,,,,,,,,,,
20:13.5,0,3.256,1.138,9.689,-154.365,-317.704,83.826,-0.266,-0.336,0.158
20:13.6,0,3.962,0.745,8.983,45.217,10.157,71.791,-0.266,-0.336,0.158
Switching to IMU channel 1,,,,,,,,,,
20:13.7,1,4.08,4.197,8.041,127.235,-68.035,-28.174,-0.366,-0.231,-0.034
20:13.8,1,3.962,4.59,7.414,40.348,-134.539,-30.052,-0.366,-0.231,-0.034
Switching to IMU channel 0,,,,,,,,,,
20:13.9,0,4.119,0.706,8.904,-74.226,28.174,0.696,-0.266,-0.336,0.158
20:14.0,0,3.883,0.981,8.944,-22.261,-19.13,-36.104,-0.266,-0.336,0.158
Switching to IMU channel 1,,,,,,,,,,
20:14.1,1,4.276,5.296,7.845,45.843,-78.539,-38.957,-0.366,-0.231,-0.034
20:14.2,1,4.864,4.746,7.806,120.696,34.435,-50.991,-0.366,-0.231,-0.034
Switching to IMU channel 0,,,,,,,,,,
20:14.3,0,4.197,0.196,10.042,-35.27,29.913,-10.504,-0.266,-0.336,0.158
20:14.4,0,4.197,0.353,9.807,-29.565,-47.861,40.348,-0.266,-0.336,0.158
Switching to IMU channel 1,,,,,,,,,,
20:14.5,1,4.433,5.806,7.453,116.661,-88.626,-41.322,-0.366,-0.231,-0.034
20:14.6,1,4.629,6.276,7.375,118.052,-90.087,-32.209,-0.366,-0.231,-0.034
Switching to IMU channel 0,,,,,,,,,,
20:14.7,0,4.315,0.118,9.336,28.174,36.522,-26.713,-0.266,-0.336,0.158
20:14.8,0,4.393,0.039,9.218,-10.852,-79.096,-39.165,-0.266,-0.336,0.158
Switching to IMU channel 1,,,,,,,,,,
20:14.9,1,5.296,5.806,6.276,85.983,-38.748,-25.878,-0.366,-0.231,-0.034
20:15.0,1,5.099,6.237,6.276,8.348,-82.365,-84.104,-0.366,-0.231,-0.034
Switching to IMU channel 0,,,,,,,,,,
20:15.1,0,4.197,0.275,9.493,-54.817,-32.417,-51.339,-0.266,-0.336,0.158
20:15.2,0,4.629,-0.628,9.414,-64.487,10.365,-123.548,-0.266,-0.336,0.158
Switching to IMU channel 1,,,,,,,,,,
20:15.3,1,5.335,6.551,6.355,110.47,-85.357,-1.391,-0.366,-0.231,-0.034
20:15.4,1,5.335,6.59,5.688,87.165,-93.635,-5.843,-0.366,-0.231,-0.034
Switching to IMU channel 0,,,,,,,,,,
20:15.5,0,4.197,-0.235,8.826,-52.035,1.67,-51.061,-0.266,-0.336,0.158
20:15.6,0,4.668,-0.431,8.904,-131.548,-18.087,-73.113,-0.266,-0.336,0.158
Switching to IMU channel 1,,,,,,,,,,
20:15.7,1,6.512,6.747,4.433,13.217,-93.913,-27.617,-0.366,-0.231,-0.034
20:15.8,1,6.002,7.178,4.707,21.983,-72.765,-23.652,-0.366,-0.231,-0.034
Switching to IMU channel 0,,,,,,,,,,
20:15.9,0,4.354,-0.667,8.983,-77.078,-104.835,-59.965,-0.266,-0.336,0.158
20:16.0,0,4.472,-0.667,8.748,-28.8,-6.817,-2.087,-0.266,-0.336,0.158
Switching to IMU channel 1,,,,,,,,,,
20:16.1,1,5.727,7.532,4.472,31.93,-69.774,-41.461,-0.366,-0.231,-0.034
20:16.2,1,6.002,7.257,4.629,25.67,-58.157,5.148,-0.366,-0.231,-0.034
Switching to IMU channel 0,,,,,,,,,,
20:16.3,0,4.55,-0.706,9.061,-2.991,-3.617,-17.183,-0.266,-0.336,0.158
20:16.4,0,4.276,-0.392,9.101,-42.713,-16.278,-21.078,-0.266,-0.336,0.158
Switching to IMU channel 1,,,,,,,,,,
20:16.5,1,6.041,7.688,4.158,51.409,-1.878,-29.217,-0.366,-0.231,-0.034
20:16.6,1,6.198,7.218,4.158,93.913,-94.817,49.53,-0.366,-0.231,-0.034
Switching to IMU channel 0,,,,,,,,,,
20:16.7,0,4.746,-0.981,9.257,18.504,35.757,-40.974,-0.266,-0.336,0.158
20:16.8,0,4.864,-0.785,9.022,23.374,-7.513,-30.609,-0.266,-0.336,0.158
Switching to IMU channel 1,,,,,,,,,,
20:16.9,1,5.923,7.924,3.334,46.887,-66.922,-7.304,-0.366,-0.231,-0.034
20:17.0,1,6.472,7.924,3.413,35.2,-41.252,-36.452,-0.366,-0.231,-0.034
Switching to IMU channel 0,,,,,,,,,,
20:17.1,0,4.158,-0.667,9.689,-51.2,-90.643,-5.496,-0.266,-0.336,0.158
20:17.2,0,4.354,-1.02,9.336,-8.765,-51.757,-47.374,-0.266,-0.336,0.158
Switching to IMU channel 1,,,,,,,,,,
20:17.3,1,6.276,7.806,3.099,71.722,-11.061,-26.852,-0.366,-0.231,-0.034
20:17.4,1,6.198,8.238,2.785,80.348,-35.13,-3.2,-0.366,-0.231,-0.034
Switching to IMU channel 0,,,,,,,,,,
20:17.5,0,4.354,-1.255,8.944,-63.374,36.174,-54.052,-0.266,-0.336,0.158
20:17.6,0,4.354,-1.255,9.218,-52.522,52.452,-71.722,-0.266,-0.336,0.158
Switching to IMU channel 1,,,,,,,,,,
20:17.7,1,6.472,8.12,2.236,61.913,-41.322,-5.843,-0.366,-0.231,-0.034
20:17.8,1,6.59,8.316,2.471,66.365,-63.791,7.096,-0.366,-0.231,-0.034
Switching to IMU channel 0,,,,,,,,,,
20:17.9,0,4.001,-1.726,9.336,-61.009,-7.235,-74.087,-0.266,-0.336,0.158
20:18.0,0,4.315,-1.569,9.179,3.687,-11.548,-42.922,-0.266,-0.336,0.158
Switching to IMU channel 1,,,,,,,,,,
20:18.1,1,6.786,8.591,1.412,56.696,-59.757,-21.287,-0.366,-0.231,-0.034
20:18.2,1,6.669,8.394,1.491,102.052,-49.322,21.426,-0.366,-0.231,-0.034
Switching to IMU channel 0,,,,,,,,,,
20:18.3,0,4.197,-1.648,9.257,-58.991,61.426,-101.843,-0.266,-0.336,0.158
20:18.4,0,3.256,-1.726,9.493,-57.252,42.435,-86.191,-0.266,-0.336,0.158
Switching to IMU channel 1,,,,,,,,,,
20:18.5,1,7.022,8.159,0.902,130.365,-32.557,-2.017,-0.366,-0.231,-0.034
20:18.5,1,7.061,8.473,0.275,95.652,-70.887,41.67,-0.366,-0.231,-0.034
Switching to IMU channel 0,,,,,,,,,,
20:18.6,0,3.923,-1.177,9.336,-31.235,20.939,-79.652,-0.266,-0.336,0.158
20:18.7,0,4.197,-1.765,9.061,-47.374,62.052,-127.791,-0.266,-0.336,0.158
Switching to IMU channel 1,,,,,,,,,,
20:18.8,1,7.453,7.963,-0.157,71.443,-42.365,-3.826,-0.366,-0.231,-0.034
20:18.9,1,7.375,7.688,-0.235,81.391,-54.678,-2.852,-0.366,-0.231,-0.034
Switching to IMU channel 0,,,,,,,,,,
20:19.0,0,3.491,-1.334,9.375,-3.061,47.304,-108.661,-0.266,-0.336,0.158
20:19.1,0,3.138,-1.412,9.532,20.243,-18.504,-39.513,-0.266,-0.336,0.158
Switching to IMU channel 1,,,,,,,,,,
20:19.2,1,7.649,7.571,-1.059,103.443,-23.583,-19.757,-0.366,-0.231,-0.034
20:19.3,1,7.178,7.885,-0.824,30.957,-43.826,-53.426,-0.366,-0.231,-0.034
Switching to IMU channel 0,,,,,,,,,,
20:19.4,0,4.511,-0.981,9.336,37.078,36.313,-61.009,-0.266,-0.336,0.158
20:19.5,0,3.02,-1.177,9.454,48.139,21.565,-8.417,-0.266,-0.336,0.158
Switching to IMU channel 1,,,,,,,,,,
20:19.6,1,7.571,7.767,-1.53,64.07,-48.278,-5.565,-0.366,-0.231,-0.034
20:19.7,1,7.414,7.532,-1.608,31.722,-10.783,-46.817,-0.366,-0.231,-0.034
Switching to IMU channel 0,,,,,,,,,,
20:19.8,0,2.628,-0.941,9.414,86.539,55.096,29.496,-0.266,-0.336,0.158
20:19.9,0,2.55,-0.745,9.767,71.583,-116.661,-3.339,-0.266,-0.336,0.158
Switching to IMU channel 1,,,,,,,,,,
20:20.0,1,7.335,7.767,-2.197,73.53,-50.574,-5.357,-0.366,-0.231,-0.034
20:20.1,1,7.532,7.649,-2.55,8.487,-95.443,-7.513,-0.366,-0.231,-0.034
Switching to IMU channel 0,,,,,,,,,,
20:20.2,0,2.942,-0.431,9.414,5.287,72.974,-132.035,-0.266,-0.336,0.158
20:20.3,0,2.628,-0.588,9.65,-24.835,45.287,-118.261,-0.266,-0.336,0.158
Switching to IMU channel 1,,,,,,,,,,
20:20.4,1,7.532,7.257,-2.432,68.452,-28.939,4.383,-0.366,-0.231,-0.034
20:20.5,1,7.257,7.257,-2.667,86.261,-64.696,2.365,-0.366,-0.231,-0.034
Switching to IMU channel 0,,,,,,,,,,
20:20.6,0,2.432,0.628,9.532,40.209,-46.47,-94.748,-0.266,-0.336,0.158
20:20.7,0,2.589,-0.039,9.65,44.104,80.417,-42.504,-0.266,-0.336,0.158
Switching to IMU channel 1,,,,,,,,,,
20:20.8,1,7.375,7.061,-3.177,121.461,-97.739,-25.461,-0.366,-0.231,-0.034
20:20.9,1,7.453,7.178,-3.727,109.496,-90.017,-37.704,-0.366,-0.231,-0.034
Switching to IMU channel 0,,,,,,,,,,
20:21.0,0,1.961,1.059,9.767,139.687,7.304,-5.009,-0.266,-0.336,0.158
20:21.1,0,2.001,1.648,10.042,114.226,-0.835,-27.617,-0.266,-0.336,0.158
Switching to IMU channel 1,,,,,,,,,,
20:21.2,1,7.257,6.865,-4.59,63.861,-62.261,-30.47,-0.366,-0.231,-0.034
20:21.3,1,6.982,6.865,-4.629,66.226,-54.887,-58.435,-0.366,-0.231,-0.034
Switching to IMU channel 0,,,,,,,,,,
20:21.4,0,1.726,1.569,9.65,94.122,64.835,-37.426,-0.266,-0.336,0.158
20:21.5,0,1.412,1.961,9.767,100.383,36.73,8.417,-0.266,-0.336,0.158
Switching to IMU channel 1,,,,,,,,,,
20:21.6,1,6.708,6.786,-5.296,64.904,-56,-33.183,-0.366,-0.231,-0.034
20:21.7,1,6.315,6.904,-5.296,15.861,-30.817,-81.183,-0.366,-0.231,-0.034
Switching to IMU channel 0,,,,,,,,,,
20:21.8,0,1.255,2.354,9.571,74.087,22.47,-18.157,-0.266,-0.336,0.158
20:21.9,0,0.785,2.55,9.807,57.043,82.991,-10.017,-0.266,-0.336,0.158
Switching to IMU channel 1,,,,,,,,,,
20:22.0,1,6.159,6.747,-5.766,62.47,-52.939,-5.635,-0.366,-0.231,-0.034
20:22.1,1,6.119,6.708,-5.962,52.243,-44.174,-7.93,-0.366,-0.231,-0.034
Switching to IMU channel 0,,,,,,,,,,
20:22.2,0,1.216,2.864,9.414,107.896,-7.304,-0.974,-0.266,-0.336,0.158
20:22.3,0,0.981,2.903,9.414,87.235,-49.113,-3.965,-0.266,-0.336,0.158
Switching to IMU channel 1,,,,,,,,,,
20:22.4,1,6.002,6.512,-6.198,34.504,-44.243,-19.2,-0.366,-0.231,-0.034
20:22.5,1,6.002,6.433,-6.237,29.774,-29.426,-29.843,-0.366,-0.231,-0.034
Switching to IMU channel 0,,,,,,,,,,
20:22.6,0,1.216,3.452,9.257,28.522,19.757,-9.322,-0.266,-0.336,0.158
20:22.7,0,1.098,3.334,9.297,20.8,1.948,-19.409,-0.266,-0.336,0.158
Switching to IMU channel 1,,,,,,,,,,
20:22.8,1,5.766,6.669,-6.315,6.191,-19.687,-30.957,-0.366,-0.231,-0.034
20:22.9,1,5.727,6.551,-6.512,-13.983,13.217,-14.33,-0.366,-0.231,-0.034
Switching to IMU channel 0,,,,,,,,,,
20:23.0,0,1.02,3.413,9.297,-21.217,-44.8,-3.965,-0.266,-0.336,0.158
20:23.1,0,0.706,3.256,9.611,-7.861,-38.817,-16.626,-0.266,-0.336,0.158
Switching to IMU channel 1,,,,,,,,,,
20:23.2,1,5.727,6.669,-6.786,-23.026,43.548,28.383,-0.366,-0.231,-0.034
20:23.3,1,6.041,6.159,-6.747,-58.643,115.061,63.791,-0.366,-0.231,-0.034
Switching to IMU channel 0,,,,,,,,,,
20:23.4,0,1.804,3.452,10.081,-66.017,-156.522,86.4,-0.266,-0.336,0.158
20:23.5,0,2.157,3.883,9.414,-133.704,-192.974,36.035,-0.266,-0.336,0.158
Switching to IMU channel 1,,,,,,,,,,
20:23.5,1,6.002,7.335,-5.217,-293.913,203.061,80.417,-0.366,-0.231,-0.034
20:23.6,1,6.629,6.786,-4.511,-278.817,147.27,121.461,-0.366,-0.231,-0.034
Switching to IMU channel 0,,,,,,,,,,
20:23.7,0,2.393,1.138,9.571,-216.139,-132.452,17.739,-0.266,-0.336,0.158
20:23.8,0,2.667,0.745,9.571,-201.391,-212.522,159.861,-0.266,-0.336,0.158
Switching to IMU channel 1,,,,,,,,,,
20:23.9,1,7.649,7.022,-3.06,-54.191,221.287,38.957,-0.366,-0.231,-0.034
20:24.0,1,7.571,7.296,-2.942,-58.157,146.087,78.817,-0.366,-0.231,-0.034
Switching to IMU channel 0,,,,,,,,,,
20:24.1,0,3.609,0.745,9.454,-104.278,-138.504,112.765,-0.266,-0.336,0.158
20:24.2,0,3.57,0.431,9.179,-212.73,-58.922,119.652,-0.266,-0.336,0.158
Switching to IMU channel 1,,,,,,,,,,
20:24.3,1,8.002,6.943,-1.961,-189.148,215.304,-22.4,-0.366,-0.231,-0.034
20:24.4,1,8.394,7.492,-1.216,-104.278,283.409,120,-0.366,-0.231,-0.034
Switching to IMU channel 0,,,,,,,,,,
20:24.5,0,3.177,-1.059,9.414,-34.435,-163.896,209.878,-0.266,-0.336,0.158
20:24.6,0,4.236,-1.216,9.179,-24.904,-65.53,166.052,-0.266,-0.336,0.158
Switching to IMU channel 1,,,,,,,,,,
20:24.7,1,8.473,7.178,0.196,-131.965,276.87,64.07,-0.366,-0.231,-0.034
20:24.8,1,8.669,6.315,1.138,-96.974,278.539,68.035,-0.366,-0.231,-0.034
Switching to IMU channel 0,,,,,,,,,,
20:24.9,0,3.883,-1.922,9.022,-49.252,-85.635,120.417,-0.266,-0.336,0.158
20:25.0,0,4.197,-2.001,9.061,-24.278,-45.287,180.174,-0.266,-0.336,0.158
Switching to IMU channel 1,,,,,,,,,,
20:25.1,1,8.591,6.119,2.04,-91.13,166.957,34.435,-0.366,-0.231,-0.034
20:25.2,1,8.591,5.845,2.354,-105.67,169.183,15.443,-0.366,-0.231,-0.034
Switching to IMU channel 0,,,,,,,,,,
20:25.3,0,4.786,-2.471,8.591,-59.13,30.4,120.07,-0.266,-0.336,0.158
20:25.4,0,4.472,-2.314,9.022,-17.809,24.904,191.304,-0.266,-0.336,0.158
Switching to IMU channel 1,,,,,,,,,,
20:25.5,1,7.845,4.903,2.903,-270.33,130.087,-75.896,-0.366,-0.231,-0.034
20:25.6,1,8.512,4.943,4.04,-241.6,167.861,7.722,-0.366,-0.231,-0.034
Switching to IMU channel 0,,,,,,,,,,
20:25.7,0,3.099,-2.942,8.748,-31.513,65.113,193.878,-0.266,-0.336,0.158
20:25.8,0,3.766,-3.491,8.904,-90.574,13.009,115.896,-0.266,-0.336,0.158
Switching to IMU channel 1,,,,,,,,,,
20:25.9,1,8.316,4.59,5.178,-73.391,170.574,2.713,-0.366,-0.231,-0.034
20:26.0,1,8.277,4.433,5.256,-84.035,152.557,23.096,-0.366,-0.231,-0.034
Switching to IMU channel 0,,,,,,,,,,
20:26.1,0,3.609,-2.511,8.551,134.261,23.93,146.226,-0.266,-0.336,0.158
20:26.2,0,2.864,-2.393,9.297,131.757,30.261,236.452,-0.266,-0.336,0.158
Switching to IMU channel 1,,,,,,,,,,
20:26.3,1,7.688,4.08,6.512,-99.687,197.774,37.287,-0.366,-0.231,-0.034
20:26.4,1,7.257,4.511,6.59,2.017,212.243,120.139,-0.366,-0.231,-0.034
Switching to IMU channel 0,,,,,,,,,,
20:26.5,0,2.55,-2.275,10.003,105.461,0.626,177.67,-0.266,-0.336,0.158
20:26.6,0,2.707,-2.432,10.081,157.913,41.113,283.757,-0.266,-0.336,0.158
Switching to IMU channel 1,,,,,,,,,,
20:26.7,1,6.159,3.53,8.198,-84.591,135.096,54.817,-0.366,-0.231,-0.034
20:26.8,1,5.962,3.295,8.591,-56.209,121.739,27.617,-0.366,-0.231,-0.034
Switching to IMU channel 0,,,,,,,,,,
20:26.9,0,2.079,-2.001,9.65,154.852,-27.061,166.957,-0.266,-0.336,0.158
20:27.0,0,2.04,-1.451,10.12,203.27,-121.113,159.583,-0.266,-0.336,0.158
Switching to IMU channel 1,,,,,,,,,,
20:27.1,1,5.021,3.334,7.845,-25.878,245.148,-8.557,-0.366,-0.231,-0.034
20:27.2,1,4.864,2.471,8.787,-2.017,255.235,24.904,-0.366,-0.231,-0.034
Switching to IMU channel 0,,,,,,,,,,
20:27.3,0,1.961,-0.196,10.513,192.348,-148.313,75.687,-0.266,-0.336,0.158
20:27.4,0,2.079,0.431,9.728,352.348,21.774,194.713,-0.266,-0.336,0.158
Switching to IMU channel 1,,,,,,,,,,
20:27.5,1,4.511,1.334,9.964,-26.713,213.704,9.183,-0.366,-0.231,-0.034
20:27.6,1,3.766,1.451,9.414,16.209,185.878,7.722,-0.366,-0.231,-0.034
Switching to IMU channel 0,,,,,,,,,,
20:27.7,0,1.961,1.451,9.297,41.461,21.774,-10.852,-0.266,-0.336,0.158
20:27.8,0,1.961,1.765,9.179,170.991,98.504,133.496,-0.266,-0.336,0.158
Switching to IMU channel 1,,,,,,,,,,
20:27.9,1,2.628,-0.157,9.101,-176.765,93.217,-5.635,-0.366,-0.231,-0.034
20:28.0,1,1.844,1.53,9.297,-443.896,28.591,-94.33,-0.366,-0.231,-0.034
Switching to IMU channel 0,,,,,,,,,,
20:28.1,0,1.961,2.432,9.885,91.409,-49.461,136.974,-0.266,-0.336,0.158
20:28.2,0,2.511,2.511,10.513,60.73,-172.591,84.8,-0.266,-0.336,0.158
Switching to IMU channel 1,,,,,,,,,,
20:28.3,1,1.922,0.863,8.708,-34.296,92.104,-16.835,-0.366,-0.231,-0.034
20:28.4,1,1.491,1.138,8.826,-119.791,158.4,-30.33,-0.366,-0.231,-0.034
Switching to IMU channel 0,,,,,,,,,,
20:28.5,0,2.707,3.334,10.042,167.304,-18.017,-46.33,-0.266,-0.336,0.158
20:28.5,0,2.824,3.334,9.022,72.904,-13.287,-50.991,-0.266,-0.336,0.158
Switching to IMU channel 1,,,,,,,,,,
20:28.6,1,1.294,0.863,9.611,-14.47,57.809,-11.061,-0.366,-0.231,-0.034
20:28.7,1,0.941,0.863,9.611,-57.6,2.713,7.93,-0.366,-0.231,-0.034
Switching to IMU channel 0,,,,,,,,,,
20:28.8,0,2.55,3.452,9.297,-49.878,-44.383,60.73,-0.266,-0.336,0.158
20:28.9,0,2.785,3.138,9.257,-44.939,-27.757,29.565,-0.266,-0.336,0.158
Switching to IMU channel 1,,,,,,,,,,
20:29.0,1,1.255,0.314,9.65,-2.922,-13.217,2.783,-0.366,-0.231,-0.034
20:29.1,1,1.138,0.431,9.807,-28.939,-36.452,-9.809,-0.366,-0.231,-0.034
Switching to IMU channel 0,,,,,,,,,,
20:29.2,0,2.903,3.177,9.885,-88.07,65.043,-59.757,-0.266,-0.336,0.158
20:29.3,0,2.471,2.981,9.532,-89.809,95.583,-71.93,-0.266,-0.336,0.158
Switching to IMU channel 1,,,,,,,,,,
20:29.4,1,1.726,1.255,9.454,64.974,-139.061,13.009,-0.366,-0.231,-0.034
20:29.5,1,2.197,0.471,10.12,23.513,-214.33,-37.774,-0.366,-0.231,-0.034
Switching to IMU channel 0,,,,,,,,,,
20:29.6,0,1.569,2.432,9.964,-246.052,-41.809,-31.235,-0.266,-0.336,0.158
20:29.7,0,2.04,2.511,9.728,-187.617,-190.748,-95.096,-0.266,-0.336,0.158
Switching to IMU channel 1,,,,,,,,,,
20:29.8,1,3.256,1.648,9.414,206.678,-184.765,20.313,-0.366,-0.231,-0.034
20:29.9,1,3.334,2.197,9.218,137.183,-183.652,-4.174,-0.366,-0.231,-0.034
Switching to IMU channel 0,,,,,,,,,,
20:30.0,0,2.118,1.687,9.924,-241.322,-39.096,-117.704,-0.266,-0.336,0.158
20:30.1,0,2.707,0.392,9.454,-171.13,88.626,-48.626,-0.266,-0.336,0.158
Switching to IMU channel 1,,,,,,,,,,
20:30.2,1,4.746,2.393,8.238,40.348,-179.478,28.522,-0.366,-0.231,-0.034
20:30.3,1,5.296,2.314,8.238,73.53,-70.817,16.696,-0.366,-0.231,-0.034
Switching to IMU channel 0,,,,,,,,,,
20:30.4,0,2.197,-0.157,9.846,-3.548,-62.957,-66.017,-0.266,-0.336,0.158
20:30.5,0,2.275,-0.588,10.317,-153.739,-49.948,-20.243,-0.266,-0.336,0.158
Switching to IMU channel 1,,,,,,,,,,
20:30.6,1,5.649,2.824,7.845,46.33,-147.826,-61.078,-0.366,-0.231,-0.034
20:30.7,1,6.041,2.942,7.414,-22.261,-185.113,-70.4,-0.366,-0.231,-0.034
Switching to IMU channel 0,,,,,,,,,,
20:30.8,0,3.099,-0.785,9.336,-176.904,-74.991,-220.452,-0.266,-0.336,0.158
20:30.9,0,3.177,-0.745,9.532,-118.609,2.783,-191.93,-0.266,-0.336,0.158
Switching to IMU channel 1,,,,,,,,,,
20:31.0,1,6.669,3.06,7.688,81.948,-190.957,-32.904,-0.366,-0.231,-0.034
20:31.1,1,6.551,3.02,7.061,-19.2,-193.67,-83.27,-0.366,-0.231,-0.034
Switching to IMU channel 0,,,,,,,,,,
20:31.2,0,3.217,-1.53,9.101,8.765,84.939,-129.809,-0.266,-0.336,0.158
20:31.3,0,3.217,-1.804,9.297,-110.052,-19.13,-225.948,-0.266,-0.336,0.158
Switching to IMU channel 1,,,,,,,,,,
20:31.4,1,6.865,4.04,6.708,81.183,-77.774,-86.052,-0.366,-0.231,-0.034
20:31.5,1,7.257,3.57,6.159,63.861,-94.052,-91.061,-0.366,-0.231,-0.034
Switching to IMU channel 0,,,,,,,,,,
20:31.6,0,3.452,-2.393,9.336,-96.07,-4.313,-166.122,-0.266,-0.336,0.158
20:31.7,0,2.628,-2.432,9.14,-155.617,-67.061,-282.365,-0.266,-0.336,0.158
Switching to IMU channel 1,,,,,,,,,,
20:31.8,1,7.257,4.119,6.002,-5.287,-303.443,-14.261,-0.366,-0.231,-0.034
20:31.9,1,8.198,4.786,5.335,71.443,-196.452,-79.026,-0.366,-0.231,-0.034
Switching to IMU channel 0,,,,,,,,,,
20:32.0,0,3.727,-2.275,9.179,-67.13,-96,-175.861,-0.266,-0.336,0.158
20:32.1,0,3.923,-2.785,9.179,1.878,-0.626,-121.113,-0.266,-0.336,0.158
Switching to IMU channel 1,,,,,,,,,,
20:32.2,1,8.198,5.178,4.433,225.53,-134.47,45.704,-0.366,-0.231,-0.034
20:32.3,1,8.277,4.433,4.393,121.183,-314.087,144.974,-0.366,-0.231,-0.034
Switching to IMU channel 0,,,,,,,,,,
20:32.4,0,4.629,-2.04,8.277,-8.765,97.183,-183.026,-0.266,-0.336,0.158
20:32.5,0,4.276,-2.628,9.218,-1.322,-2.991,-186.226,-0.266,-0.336,0.158
Switching to IMU channel 1,,,,,,,,,,
20:32.6,1,8.551,4.982,3.491,25.183,-144.835,-79.513,-0.366,-0.231,-0.034
20:32.7,1,8.591,5.099,3.138,73.948,-216.139,-19.478,-0.366,-0.231,-0.034
Switching to IMU channel 0,,,,,,,,,,
20:32.8,0,3.609,-2.354,9.218,45.843,-39.722,-257.67,-0.266,-0.336,0.158
20:32.9,0,3.57,-1.804,8.865,8.348,12.383,-181.078,-0.266,-0.336,0.158
Switching to IMU channel 1,,,,,,,,,,
20:33.0,1,9.532,4.864,0.902,168.07,-198.817,100.383,-0.366,-0.231,-0.034
20:33.1,1,9.336,5.256,0.941,77.078,-146.852,8.904,-0.366,-0.231,-0.034
Switching to IMU channel 0,,,,,,,,,,
20:33.2,0,3.844,-1.451,9.179,-7.583,99.13,-129.948,-0.266,-0.336,0.158
20:33.3,0,4.315,-1.648,9.061,11.896,39.026,-132.243,-0.266,-0.336,0.158
Switching to IMU channel 1,,,,,,,,,,
20:33.4,1,9.454,4.903,0.392,21.565,-144.417,-6.47,-0.366,-0.231,-0.034
20:33.5,1,9.375,4.707,0.039,49.6,-155.757,-15.096,-0.366,-0.231,-0.034
Switching to IMU channel 0,,,,,,,,,,
20:33.5,0,4.158,-1.334,9.14,32.765,81.67,-82.504,-0.266,-0.336,0.158
20:33.6,0,4.04,-0.51,9.179,13.913,68.313,-59.826,-0.266,-0.336,0.158
Switching to IMU channel 1,,,,,,,,,,
20:33.7,1,9.689,5.178,-0.941,37.913,-8.348,-39.722,-0.366,-0.231,-0.034
20:33.8,1,9.257,5.531,-0.863,40.139,-26.922,-18.991,-0.366,-0.231,-0.034
Switching to IMU channel 0,,,,,,,,,,
20:33.9,0,3.334,-1.334,9.493,32.557,50.157,-50.365,-0.266,-0.336,0.158
20:34.0,0,3.452,-1.294,9.532,33.53,-8.417,-108.73,-0.266,-0.336,0.158
Switching to IMU channel 1,,,,,,,,,,
20:34.1,1,10.199,5.296,-1.294,153.043,-137.252,-25.183,-0.366,-0.231,-0.034
20:34.2,1,8.983,5.923,-1.373,162.504,-235.617,18.226,-0.366,-0.231,-0.034
Switching to IMU channel 0,,,,,,,,,,
20:34.3,0,3.491,0.706,9.454,101.704,-79.443,-98.365,-0.266,-0.336,0.158
20:34.4,0,2.903,1.255,9.454,14.957,112.487,27.757,-0.266,-0.336,0.158
Switching to IMU channel 1,,,,,,,,,,
20:34.5,1,8.865,5.374,-2.236,45.426,-48.765,-30.4,-0.366,-0.231,-0.034
20:34.6,1,8.551,5.296,-2.314,43.13,-86.4,-29.357,-0.366,-0.231,-0.034
Switching to IMU channel 0,,,,,,,,,,
20:34.7,0,2.393,0.118,9.532,115.617,53.078,-56.765,-0.266,-0.336,0.158
20:34.8,0,2.511,0.667,9.689,126.261,66.435,-49.252,-0.266,-0.336,0.158
Switching to IMU channel 1,,,,,,,,,,
20:34.9,1,8.826,5.256,-3.805,127.722,-105.53,25.948,-0.366,-0.231,-0.034
20:35.0,1,8.669,5.217,-4.04,75.617,-113.809,6.122,-0.366,-0.231,-0.034
Switching to IMU channel 0,,,,,,,,,,
20:35.1,0,2.393,1.098,9.611,96.904,34.365,-35.061,-0.266,-0.336,0.158
20:35.2,0,2.04,1.491,9.689,26.713,71.93,-28.73,-0.266,-0.336,0.158
Switching to IMU channel 1,,,,,,,,,,
20:35.3,1,8.355,5.335,-4.903,35.478,-112.974,-21.287,-0.366,-0.231,-0.034
20:35.4,1,8.159,4.943,-5.021,21.148,-113.878,-16.139,-0.366,-0.231,-0.034
Switching to IMU channel 0,,,,,,,,,,
20:35.5,0,1.608,2.001,9.689,128.07,-9.53,-33.67,-0.266,-0.336,0.158
20:35.6,0,1.02,2.197,9.846,78.817,-81.322,3.339,-0.266,-0.336,0.158
Switching to IMU channel 1,,,,,,,,,,
20:35.7,1,8.12,4.903,-5.296,53.704,-40.348,9.739,-0.366,-0.231,-0.034
20:35.8,1,8.041,4.511,-5.374,62.609,-46.4,3.478,-0.366,-0.231,-0.034
Switching to IMU channel 0,,,,,,,,,,
20:35.9,0,1.569,2.589,9.571,110.4,-70.33,0.417,-0.266,-0.336,0.158
20:36.0,0,1.412,2.981,9.611,89.322,-58.365,-41.6,-0.266,-0.336,0.158
Switching to IMU channel 1,,,,,,,,,,
20:36.1,1,7.924,4.433,-5.923,-3.2,-40.835,-26.922,-0.366,-0.231,-0.034
20:36.2,1,7.963,4.629,-5.923,-6.191,-17.878,-34.435,-0.366,-0.231,-0.034
Switching to IMU channel 0,,,,,,,,,,
20:36.3,0,1.687,2.903,9.414,17.391,6.47,0.139,-0.266,-0.336,0.158
20:36.4,0,1.53,2.824,9.375,52.591,11.2,-21.913,-0.266,-0.336,0.158
Switching to IMU channel 1,,,,,,,,,,
20:36.5,1,7.767,4.746,-6.041,1.67,-11.27,-7.93,-0.366,-0.231,-0.034
20:36.6,1,7.885,4.629,-6.512,-16.139,109.009,48.974,-0.366,-0.231,-0.034
Switching to IMU channel 0,,,,,,,,,,
20:36.7,0,1.53,3.609,9.336,-232.417,-157.148,58.157,-0.266,-0.336,0.158
20:36.8,0,2.432,2.001,9.767,-234.852,-103.583,162.643,-0.266,-0.336,0.158
Switching to IMU channel 1,,,,,,,,,,
20:36.9,1,7.885,4.903,-4.354,-7.235,137.878,17.809,-0.366,-0.231,-0.034
20:37.0,1,8.238,4.433,-4.746,-68.313,55.513,38.539,-0.366,-0.231,-0.034
Switching to IMU channel 0,,,,,,,,,,
20:37.1,0,2.667,4.354,10.003,-236.8,-4.174,0.487,-0.266,-0.336,0.158
20:37.2,0,2.275,2.432,9.336,-428.243,-72.557,-103.652,-0.266,-0.336,0.158
Switching to IMU channel 1,,,,,,,,,,
20:37.3,1,8.708,3.373,-2.785,-304.417,287.374,119.513,-0.366,-0.231,-0.034
20:37.4,1,9.101,4.158,-2.157,-96.557,299.27,269.843,-0.366,-0.231,-0.034
Switching to IMU channel 0,,,,,,,,,,
20:37.5,0,3.648,-0.588,9.65,-160,-308.174,125.774,-0.266,-0.336,0.158
20:37.6,0,2.746,-1.451,8.748,-20.035,-240.765,230.678,-0.266,-0.336,0.158
Switching to IMU channel 1,,,,,,,,,,
20:37.7,1,10.199,4.197,-1.255,-43.617,176.278,-36.661,-0.366,-0.231,-0.034
20:37.8,1,9.964,4.001,-1.608,-88.974,176.07,-27.617,-0.366,-0.231,-0.034
Switching to IMU channel 0,,,,,,,,,,
20:37.9,0,2.746,-0.667,9.218,-96,-178.226,167.583,-0.266,-0.336,0.158
20:38.0,0,4.197,-1.138,9.532,-35.2,-206.191,258.991,-0.266,-0.336,0.158
Switching to IMU channel 1,,,,,,,,,,
20:38.1,1,9.532,4.825,0.51,-80.07,373.426,-100.591,-0.366,-0.231,-0.034
20:38.2,1,9.728,4.472,0.902,-77.496,311.583,17.252,-0.366,-0.231,-0.034
Switching to IMU channel 0,,,,,,,,,,
20:38.3,0,4.158,-2.236,8.904,-62.191,-145.878,156.174,-0.266,-0.336,0.158
20:38.4,0,4.59,-2.197,8.865,-55.304,-76.104,215.165,-0.266,-0.336,0.158
Switching to IMU channel 1,,,,,,,,,,
20:38.5,1,10.317,4.08,2.55,-43.896,316.313,-0.417,-0.366,-0.231,-0.034
20:38.5,1,9.061,3.962,3.256,-223.652,290.852,-101.635,-0.366,-0.231,-0.034
Switching to IMU channel 0,,,,,,,,,,
20:38.6,0,4.119,-3.413,8.512,-42.574,-34.783,239.652,-0.266,-0.336,0.158
20:38.7,0,3.844,-2.785,8.748,29.009,16.974,396.87,-0.266,-0.336,0.158
Switching to IMU channel 1,,,,,,,,,,
20:38.8,1,9.65,4.511,4.158,-1.183,329.6,4.522,-0.366,-0.231,-0.034
20:38.9,1,9.218,4.197,4.746,-545.948,171.617,219.896,-0.366,-0.231,-0.034
Switching to IMU channel 0,,,,,,,,,,
20:39.0,0,3.53,-3.687,8.591,106.852,94.609,270.47,-0.266,-0.336,0.158
20:39.1,0,2.942,-3.413,8.551,-13.983,-135.096,151.096,-0.266,-0.336,0.158
Switching to IMU channel 1,,,,,,,,,,
20:39.2,1,8.159,3.138,6.237,-65.948,183.443,45.704,-0.366,-0.231,-0.034
20:39.3,1,7.728,2.942,5.884,-51.061,188.939,6.957,-0.366,-0.231,-0.034
Switching to IMU channel 0,,,,,,,,,,
20:39.4,0,3.805,-3.727,8.787,203.27,17.461,186.922,-0.266,-0.336,0.158
20:39.5,0,3.648,-3.02,8.63,232.278,83.548,252.8,-0.266,-0.336,0.158
Switching to IMU channel 1,,,,,,,,,,
20:39.6,1,6.629,2.746,6.865,-45.148,234.017,-24.348,-0.366,-0.231,-0.034
20:39.7,1,6.551,2.001,7.649,-29.078,202.991,62.539,-0.366,-0.231,-0.034
Switching to IMU channel 0,,,,,,,,,,
20:39.8,0,1.608,-3.138,8.787,151.513,9.322,247.791,-0.266,-0.336,0.158
20:39.9,0,1.687,-2.864,9.297,236.452,37.357,207.583,-0.266,-0.336,0.158
Switching to IMU channel 1,,,,,,,,,,
20:40.0,1,6.002,0.078,7.296,120.417,255.583,-40.626,-0.366,-0.231,-0.034
20:40.1,1,5.139,2.079,7.963,54.33,314.783,-103.374,-0.366,-0.231,-0.034
Switching to IMU channel 0,,,,,,,,,,
20:40.2,0,2.197,-1.294,9.964,232.626,-16.904,226.643,-0.266,-0.336,0.158
20:40.3,0,1.844,-0.863,9.846,252.174,-114.157,160.626,-0.266,-0.336,0.158
Switching to IMU channel 1,,,,,,,,,,
20:40.4,1,4.119,2.785,8.787,14.748,287.861,-34.852,-0.366,-0.231,-0.034
20:40.5,1,3.687,1.804,8.865,155.617,366.33,54.261,-0.366,-0.231,-0.034
Switching to IMU channel 0,,,,,,,,,,
20:40.6,0,1.922,1.177,10.003,380.73,-16.487,-41.739,-0.266,-0.336,0.158
20:40.7,0,1.608,1.451,9.336,-82.226,-149.009,37.843,-0.266,-0.336,0.158
Switching to IMU channel 1,,,,,,,,,,
20:40.8,1,2.981,0.785,8.591,-45.009,249.948,-99.896,-0.366,-0.231,-0.034
20:40.9,1,1.373,1.255,10.16,-47.096,196.035,-6.539,-0.366,-0.231,-0.034
Switching to IMU channel 0,,,,,,,,,,
20:41.0,0,0.745,4.001,10.081,255.304,92.104,28.8,-0.266,-0.336,0.158
20:41.1,0,2.157,3.02,10.474,108.243,41.391,160,-0.266,-0.336,0.158
Switching to IMU channel 1,,,,,,,,,,
20:41.2,1,1.883,0.235,10.827,197.774,131.339,22.33,-0.366,-0.231,-0.034
20:41.3,1,1.216,1.334,8.748,0.07,97.252,-0.974,-0.366,-0.231,-0.034
Switching to IMU channel 0,,,,,,,,,,
20:41.4,0,1.922,3.844,9.532,149.565,-24.904,157.426,-0.266,-0.336,0.158
20:41.5,0,2.55,3.53,9.728,-12.939,-82.574,90.504,-0.266,-0.336,0.158
Switching to IMU channel 1,,,,,,,,,,
20:41.6,1,0.785,0.863,9.179,-86.052,83.757,34.783,-0.366,-0.231,-0.034
20:41.7,1,0.824,0.314,9.611,0.487,145.948,11.13,-0.366,-0.231,-0.034
Switching to IMU channel 0,,,,,,,,,,
20:41.8,0,3.295,3.413,9.414,78.191,21.148,124.383,-0.266,-0.336,0.158
20:41.9,0,2.824,3.57,9.297,-8.07,15.096,-12.73,-0.266,-0.336,0.158
Switching to IMU channel 1,,,,,,,,,,
20:42.0,1,0.392,0.706,9.728,-6.47,-99.896,-40.904,-0.366,-0.231,-0.034
20:42.1,1,0.392,0.471,10.513,56.348,-301.148,-35.687,-0.366,-0.231,-0.034
Switching to IMU channel 0,,,,,,,,,,
20:42.2,0,2.001,2.824,11.219,-138.783,225.322,-133.983,-0.266,-0.336,0.158
20:42.3,0,-392.227,-392.227,-392.227,-695.583,-695.583,-695.583,-9.173,-9.173,-9.173
Switching to IMU channel 1,,,,,,,,,,
20:42.4,1,2.667,2.079,8.983,-8.974,-366.4,24.278,-0.366,-0.231,-0.034
20:42.5,1,2.903,2.314,9.375,104.417,-320.209,22.261,-0.366,-0.231,-0.034
Switching to IMU channel 0,,,,,,,,,,
20:42.6,0,2.824,0.51,9.846,-343.374,-213.774,-278.957,-0.039,0.057,0.024
20:42.7,0,1.255,0.078,10.277,-496.139,-147.826,-246.957,-0.195,0.278,0.123
Switching to IMU channel 1,,,,,,,,,,
20:42.8,1,4.668,2.707,8.669,94.678,-338.643,-22.4,-0.366,-0.231,-0.034
20:42.9,1,5.531,2.746,7.492,-191.235,-334.4,-99.548,-0.366,-0.231,-0.034
Switching to IMU channel 0,,,,,,,,,,
20:43.0,0,2.903,-1.059,9.689,-135.93,-142.191,-232.348,-0.195,0.278,0.123
20:43.1,0,2.785,-1.491,9.571,-108.243,-67.27,-163.965,-0.195,0.278,0.123
Switching to IMU channel 1,,,,,,,,,,
20:43.2,1,6.433,2.471,7.649,1.878,-178.852,-20.383,-0.366,-0.231,-0.034
20:43.3,1,6.119,2.824,8.041,-22.47,-193.948,-31.165,-0.366,-0.231,-0.034
Switching to IMU channel 0,,,,,,,,,,
20:43.4,0,2.707,-2.393,9.257,-174.191,-23.443,-245.009,-0.195,0.278,0.123
20:43.4,0,2.824,-2.628,8.591,-126.748,18.017,-283.965,-0.195,0.278,0.123
Switching to IMU channel 1,,,,,,,,,,
20:43.5,1,7.649,2.511,6.159,49.67,-184.348,-134.052,-0.366,-0.231,-0.034
20:43.6,1,7.257,2.824,6.041,-34.296,-219.617,-137.878,-0.366,-0.231,-0.034
Switching to IMU channel 0,,,,,,,,,,
20:43.7,0,3.491,-2.628,9.101,-142.122,-52.243,-192.139,-0.195,0.278,0.123
20:43.8,0,3.844,-2.785,8.865,-122.296,-2.017,-238.052,-0.195,0.278,0.123
Switching to IMU channel 1,,,,,,,,,,
20:43.9,1,8.238,2.589,5.492,101.635,-254.957,33.67,-0.366,-0.231,-0.034
20:44.0,1,8.473,3.295,4.511,198.122,-231.513,31.583,-0.366,-0.231,-0.034
Switching to IMU channel 0,,,,,,,,,,
20:44.1,0,4.001,-3.217,9.101,-58.852,-16.626,-292.661,-0.195,0.278,0.123
20:44.2,0,4.276,-3.217,9.101,-5.774,-29.009,-215.861,-0.195,0.278,0.123
Switching to IMU channel 1,,,,,,,,,,
20:44.3,1,9.061,3.413,3.53,79.652,-252.661,-36.174,-0.366,-0.231,-0.034
20:44.4,1,9.532,3.962,3.06,104.348,-250.852,-27.617,-0.366,-0.231,-0.034
Switching to IMU channel 0,,,,,,,,,,
20:44.5,0,3.923,-1.804,8.983,85.635,25.67,-199.304,-0.195,0.278,0.123
20:44.6,0,4.746,-1.216,8.748,-8.417,10.574,-280.765,-0.195,0.278,0.123
Switching to IMU channel 1,,,,,,,,,,
20:44.7,1,9.885,3.962,1.02,36.313,-209.67,-73.53,-0.366,-0.231,-0.034
20:44.8,1,9.846,3.805,0.549,49.391,-205.217,14.957,-0.366,-0.231,-0.034
Switching to IMU channel 0,,,,,,,,,,
20:44.9,0,4.707,-1.961,8.787,88.139,98.296,-178.435,-0.195,0.278,0.123
20:45.0,0,4.472,-1.491,9.257,65.391,-9.322,-178.783,-0.195,0.278,0.123
Switching to IMU channel 1,,,,,,,,,,
20:45.1,1,9.924,4.04,-0.235,74.783,-226.922,-18.296,-0.366,-0.231,-0.034
20:45.2,1,10.16,3.844,-0.981,107.896,-221.496,7.096,-0.366,-0.231,-0.034
Switching to IMU channel 0,,,,,,,,,,
20:45.3,0,4.04,0.471,9.689,62.261,-21.357,-87.165,-0.195,0.278,0.123
20:45.4,0,3.883,0.196,9.807,103.583,-18.922,-122.643,-0.195,0.278,0.123
Switching to IMU channel 1,,,,,,,,,,
20:45.5,1,9.885,4.158,-1.961,7.304,-157.843,-89.6,-0.366,-0.231,-0.034
20:45.6,1,9.571,4.433,-2.393,6.748,-166.4,-21.843,-0.366,-0.231,-0.034
Switching to IMU channel 0,,,,,,,,,,
20:45.7,0,3.295,1.726,10.081,-80.696,-8.487,-88.765,-0.195,0.278,0.123
20:45.8,0,3.373,-0.157,9.728,23.165,-21.565,-96.626,-0.195,0.278,0.123
Switching to IMU channel 1,,,,,,,,,,
20:45.9,1,9.689,4.08,-2.942,117.287,-143.374,6.748,-0.366,-0.231,-0.034
20:46.0,1,9.767,4.119,-3.295,76.383,-158.261,-17.043,-0.366,-0.231,-0.034
Switching to IMU channel 0,,,,,,,,,,
20:46.1,0,3.217,0.785,9.257,159.583,79.513,-113.183,-0.195,0.278,0.123
20:46.2,0,3.373,1.844,9.454,160.557,60.591,-98.643,-0.195,0.278,0.123
Switching to IMU channel 1,,,,,,,,,,
20:46.3,1,9.297,4.276,-4.472,-5.496,-213.983,-98.991,-0.366,-0.231,-0.034
20:46.4,1,9.101,4.276,-4.943,-26.226,-146.157,-95.026,-0.366,-0.231,-0.034
Switching to IMU channel 0,,,,,,,,,,
20:46.5,0,2.118,2.393,9.689,43.409,126.887,-113.391,-0.195,0.278,0.123
20:46.6,0,1.373,2.314,9.689,86.191,24.835,-111.722,-0.195,0.278,0.123
Switching to IMU channel 1,,,,,,,,,,
20:46.7,1,8.159,4.393,-5.57,-26.922,-79.374,-84.383,-0.366,-0.231,-0.034
20:46.8,1,8.041,4.472,-5.374,-3.617,-86.539,-36.939,-0.366,-0.231,-0.034
Switching to IMU channel 0,,,,,,,,,,
20:46.9,0,1.608,3.491,9.493,136.07,-6.122,64.417,-0.195,0.278,0.123
20:47.0,0,2.393,2.981,9.375,65.322,-44.035,-59.687,-0.195,0.278,0.123
Switching to IMU channel 1,,,,,,,,,,
20:47.1,1,8.081,4.315,-5.727,-7.304,-84.035,-81.391,-0.366,-0.231,-0.034
20:47.2,1,7.924,4.746,-6.159,-5.774,-92.8,-99.896,-0.366,-0.231,-0.034
Switching to IMU channel 0,,,,,,,,,,
20:47.3,0,1.334,4.472,9.061,11.13,49.53,-20.87,-0.195,0.278,0.123
20:47.4,0,1.02,4.276,8.983,-57.461,2.365,-32.626,-0.195,0.278,0.123
Switching to IMU channel 1,,,,,,,,,,
20:47.5,1,7.414,4.943,-5.923,17.391,19.965,15.374,-0.366,-0.231,-0.034
20:47.6,1,7.61,4.943,-5.923,16.904,57.461,43.061,-0.366,-0.231,-0.034
Switching to IMU channel 0,,,,,,,,,,
20:47.7,0,2.511,3.373,8.865,-5.287,-39.165,120.278,-0.195,0.278,0.123
20:47.8,0,2.785,3.923,9.257,18.852,-54.122,65.809,-0.195,0.278,0.123
Switching to IMU channel 1,,,,,,,,,,
20:47.9,1,8.081,4.315,-6.041,5.357,60.591,18.296,-0.366,-0.231,-0.034
20:48.0,1,7.924,4.119,-5.923,8.417,92.8,31.93,-0.366,-0.231,-0.034
Switching to IMU channel 0,,,,,,,,,,
20:48.1,0,2.393,3.256,9.218,-34.643,2.087,0.278,-0.195,0.278,0.123
20:48.2,0,2.04,3.02,9.297,6.4,-32.07,-32.139,-0.195,0.278,0.123
Switching to IMU channel 1,,,,,,,,,,
20:48.3,1,8.081,4.433,-5.766,-1.6,4.87,-0.139,-0.366,-0.231,-0.034
20:48.4,1,8.002,4.433,-5.806,-7.791,30.957,5.983,-0.366,-0.231,-0.034
Switching to IMU channel 0,,,,,,,,,,
20:48.4,0,2.236,3.609,9.218,-41.252,-80.904,15.443,-0.195,0.278,0.123
20:48.5,0,2.864,2.707,9.218,-18.922,-72.209,34.991,-0.195,0.278,0.123
Switching to IMU channel 1,,,,,,,,,,
20:48.6,1,8.198,4.08,-5.57,0.904,3.13,2.435,-0.366,-0.231,-0.034
20:48.7,1,8.63,4.276,-5.609,4.313,17.461,-4.035,-0.366,-0.231,-0.034
Switching to IMU channel 0,,,,,,,,,,
20:48.8,0,3.06,3.217,9.179,-9.878,-13.078,42.783,-0.195,0.278,0.123
20:48.9,0,2.55,3.883,9.375,-18.504,-66.296,62.052,-0.195,0.278,0.123
Switching to IMU channel 1,,,,,,,,,,
20:49.0,1,8.748,3.844,-5.57,-52.8,183.93,-20.313,-0.366,-0.231,-0.034
20:49.1,1,7.649,4.197,-4.08,36.243,88.696,-10.157,-0.366,-0.231,-0.034
Switching to IMU channel 0,,,,,,,,,,
20:49.2,0,2.981,2.707,9.297,-8.209,-55.304,-65.53,-0.195,0.278,0.123
20:49.3,0,2.628,3.491,9.807,-92.87,-55.583,60.035,-0.195,0.278,0.123
Switching to IMU channel 1,,,,,,,,,,
20:49.4,1,8.551,4.236,-4.903,-3.757,180.452,41.322,-0.366,-0.231,-0.034
20:49.5,1,8.983,3.844,-4.943,-14.4,232.765,44.452,-0.366,-0.231,-0.034
Switching to IMU channel 0,,,,,,,,,,
20:49.6,0,3.413,3.138,9.689,-353.809,-143.374,150.957,-0.195,0.278,0.123
20:49.7,0,3.727,2.511,9.571,-531.2,-265.391,178.852,-0.195,0.278,0.123
Switching to IMU channel 1,,,,,,,,,,
20:49.8,1,9.454,3.648,-2.511,-255.861,613.148,5.496,-0.366,-0.231,-0.034
20:49.9,1,9.532,3.844,-0.51,-202.365,523.478,31.235,-0.366,-0.231,-0.034
Switching to IMU channel 0,,,,,,,,,,
20:50.0,0,4.629,-3.02,8.551,-52.174,-235.13,223.235,-0.195,0.278,0.123
20:50.1,0,5.531,-2.275,8.159,23.304,-100.522,176.904,-0.195,0.278,0.123
Switching to IMU channel 1,,,,,,,,,,
20:50.2,1,10.395,3.452,0.157,-34.296,246.748,-14.052,-0.366,-0.231,-0.034
20:50.3,1,10.395,3.256,0.667,-132.383,267.826,-132.243,-0.366,-0.231,-0.034
Switching to IMU channel 0,,,,,,,,,,
20:50.4,0,5.139,-1.648,8.669,25.53,-59.478,353.878,-0.195,0.278,0.123
20:50.5,0,4.943,-1.569,8.904,83.548,-97.043,342.609,-0.195,0.278,0.123
Switching to IMU channel 1,,,,,,,,,,
20:50.6,1,9.885,3.687,2.511,43.687,438.539,-11.061,-0.366,-0.231,-0.034
20:50.7,1,10.042,3.491,3.373,86.748,498.296,0.904,-0.366,-0.231,-0.034
Switching to IMU channel 0,,,,,,,,,,
20:50.8,0,4.08,-2.118,8.316,135.304,-31.304,324.522,-0.195,0.278,0.123
20:50.9,0,4.08,-2.785,8.473,161.6,46.678,286.191,-0.195,0.278,0.123
Switching to IMU channel 1,,,,,,,,,,
20:51.0,1,7.492,3.217,5.766,-212.522,324.243,-172.939,-0.366,-0.231,-0.034
20:51.1,1,7.453,2.432,6.08,-147.478,323.409,81.043,-0.366,-0.231,-0.034
Switching to IMU channel 0,,,,,,,,,,
20:51.2,0,3.687,-2.511,9.336,179.687,49.6,481.391,-0.195,0.278,0.123
20:51.3,0,3.57,-1.216,9.414,267.965,101.843,532.383,-0.195,0.278,0.123
Switching to IMU channel 1,,,,,,,,,,
20:51.4,1,6.708,2.511,7.571,-97.67,383.235,-4.174,-0.366,-0.231,-0.034
20:51.5,1,4.864,2.393,8.434,-96.487,500.661,-67.687,-0.366,-0.231,-0.034
Switching to IMU channel 0,,,,,,,,,,
20:51.6,0,2.981,-1.804,9.767,608.626,265.461,486.539,-0.195,0.278,0.123
20:51.7,0,1.059,-0.745,10.277,391.93,-2.643,244.661,-0.195,0.278,0.123
Switching to IMU channel 1,,,,,,,,,,
20:51.8,1,3.02,0.863,9.14,208.974,370.087,-99.478,-0.366,-0.231,-0.034
20:51.9,1,2.981,1.412,9.297,-60.939,295.443,-124.383,-0.366,-0.231,-0.034
Switching to IMU channel 0,,,,,,,,,,
20:52.0,0,2.393,0.941,9.885,272.696,-226.783,90.435,-0.195,0.278,0.123
20:52.1,0,1.216,2.471,10.081,-37.148,-241.878,241.6,-0.195,0.278,0.123
Switching to IMU channel 1,,,,,,,,,,
20:52.2,1,0.628,1.804,9.611,-47.374,290.574,-45.635,-0.366,-0.231,-0.034
20:52.3,1,0.078,1.098,10.513,-55.026,320.765,-64.07,-0.366,-0.231,-0.034
Switching to IMU channel 0,,,,,,,,,,
20:52.4,0,2.275,2.236,10.63,136.07,-5.217,247.722,-0.195,0.278,0.123
20:52.5,0,2.864,2.079,8.748,239.791,-53.148,-1.183,-0.195,0.278,0.123
Switching to IMU channel 1,,,,,,,,,,
20:52.6,1,-0.235,1.059,9.257,4.243,248.904,56.765,-0.366,-0.231,-0.034
20:52.7,1,-1.53,1.334,10.983,-21.704,7.861,15.096,-0.366,-0.231,-0.034
Switching to IMU channel 0,,,,,,,,,,
20:52.8,0,2.981,3.02,9.297,-35.13,-12.383,14.817,-0.195,0.278,0.123
20:52.9,0,2.746,3.491,9.218,67.27,-40.07,-17.461,-0.195,0.278,0.123
Switching to IMU channel 1,,,,,,,,,,
20:53.0,1,-1.02,1.569,9.454,-19.896,-22.887,9.67,-0.366,-0.231,-0.034
20:53.1,1,-0.902,1.451,9.218,-3.2,19.896,-14.4,-0.366,-0.231,-0.034
Switching to IMU channel 0,,,,,,,,,,
20:53.2,0,2.864,3.57,9.336,4.104,-10.922,-0.07,-0.195,0.278,0.123
